{"cameraMode":{"drawMode":0,"name":"Shaded","section":"Shading Mode"},"sceneLighting":true,"audioPlay":false,"sceneViewState":{"showFog":true,"showMaterialUpdate":false,"showSkybox":true,"showFlares":true,"showImageEffects":true,"showParticleSystems":true},"in2DMode":false,"pivot":{"x":-3.9252071380615236,"y":-2.33693265914917,"z":-1.2304083108901978},"rotation":{"x":-0.17490558326244355,"y":0.7109841108322144,"z":-0.1901356726884842,"w":-0.6540322303771973},"size":14.298097610473633,"orthographic":false}